<eagle version="6.1"><drawing><settings><setting alwaysvectorfont="no" verticaltext="up"/></settings><grid distance="0.1" unitdist="inch" unit="inch" style="lines" multiple="1" display="no" altdistance="0.01" altunitdist="inch" altunit="inch"/><layers><layer number="91" name="Nets" color="2" fill="1" visible="yes" active="yes"/><layer number="92" name="Busses" color="1" fill="1" visible="yes" active="yes"/><layer number="93" name="Pins" color="2" fill="1" visible="no" active="yes"/><layer number="94" name="Symbols" color="4" fill="1" visible="yes" active="yes"/><layer number="95" name="Names" color="7" fill="1" visible="yes" active="yes"/><layer number="96" name="Values" color="7" fill="1" visible="yes" active="yes"/><layer number="97" name="Info" color="7" fill="1" visible="yes" active="yes"/><layer number="98" name="Guide" color="6" fill="1" visible="yes" active="yes"/></layers><schematic><libraries><library name="AcceleratedDesigns_Lib"><packages><package name="KC3"><pad name="1" drill="0" y="2.54" x="-2.54"/><pad name="2" drill="0" y="0" x="-1.27"/><pad name="3" drill="0" y="2.54" x="0"/></package></packages><symbols><symbol name="UA7805CKCT@1"><pin name="OUT@1" x="0" y="5.8347695165023E-15" rot="MR180" direction="out" length="long" visible="both" swaplevel="0"/><pin name="COM@2" x="55.88" y="-2.53999999999999" rot="MR0" direction="pwr" length="long" visible="both" swaplevel="0"/><pin name="IN@3" x="55.88" y="5.8347695165023E-15" rot="MR0" direction="in" length="long" visible="both" swaplevel="0"/><wire x1="7.62" y1="5.08" x2="7.62" y2="-7.62" width="0.127" layer="94"/><wire x1="7.62" y1="-7.62" x2="48.26" y2="-7.62" width="0.127" layer="94"/><wire x1="48.26" y1="-7.62" x2="48.26" y2="5.08" width="0.127" layer="94"/><wire x1="48.26" y1="5.08" x2="7.62" y2="5.08" width="0.127" layer="94"/><text size="2" x="27.94" y="10.16" layer="95" align="center">&gt;NAME</text><text size="2" x="27.94" y="7.62" layer="96" align="center">&gt;VALUE</text></symbol></symbols><devicesets><deviceset name="UA7805CKCT" prefix="U"><gates><gate name="1" addlevel="always" y="0" x="0" symbol="UA7805CKCT@1"/></gates><devices><device name="UA7805CKCT" package="KC3"><connects><connect pad="1" pin="OUT@1" gate="1"/><connect pad="2" pin="COM@2" gate="1"/><connect pad="3" pin="IN@3" gate="1"/></connects><technologies><technology name=""><attribute name="Vendor" value="Texas Instruments" constant="no"/><attribute name="Manufacturer_Part_Number" value="UA7805CKCT" constant="no"/></technology></technologies></device></devices></deviceset></devicesets></library></libraries><attributes/><variantdefs/><classes><class number="0" name="default" width="0" drill="0"/></classes><parts/><sheets/></schematic></drawing></eagle>
