<eagle version="6.1"><drawing><settings><setting alwaysvectorfont="no" verticaltext="up"/></settings><grid distance="0.1" unitdist="inch" unit="inch" style="lines" multiple="1" display="no" altdistance="0.01" altunitdist="inch" altunit="inch"/><layers><layer number="91" name="Nets" color="2" fill="1" visible="yes" active="yes"/><layer number="92" name="Busses" color="1" fill="1" visible="yes" active="yes"/><layer number="93" name="Pins" color="2" fill="1" visible="no" active="yes"/><layer number="94" name="Symbols" color="4" fill="1" visible="yes" active="yes"/><layer number="95" name="Names" color="7" fill="1" visible="yes" active="yes"/><layer number="96" name="Values" color="7" fill="1" visible="yes" active="yes"/><layer number="97" name="Info" color="7" fill="1" visible="yes" active="yes"/><layer number="98" name="Guide" color="6" fill="1" visible="yes" active="yes"/></layers><schematic><libraries><library name="AcceleratedDesigns_Lib"><packages><package name="28P3"><pad name="1" drill="0" y="33.02" x="-7.62"/><pad name="2" drill="0" y="30.48" x="-7.62"/><pad name="3" drill="0" y="27.94" x="-7.62"/><pad name="4" drill="0" y="25.4" x="-7.62"/><pad name="5" drill="0" y="22.86" x="-7.62"/><pad name="6" drill="0" y="20.32" x="-7.62"/><pad name="7" drill="0" y="17.78" x="-7.62"/><pad name="8" drill="0" y="15.24" x="-7.62"/><pad name="9" drill="0" y="12.7" x="-7.62"/><pad name="10" drill="0" y="10.16" x="-7.62"/><pad name="11" drill="0" y="7.62" x="-7.62"/><pad name="12" drill="0" y="5.08" x="-7.62"/><pad name="13" drill="0" y="2.54" x="-7.62"/><pad name="14" drill="0" y="0" x="-7.62"/><pad name="15" drill="0" y="0" x="0"/><pad name="16" drill="0" y="2.54" x="0"/><pad name="17" drill="0" y="5.08" x="0"/><pad name="18" drill="0" y="7.62" x="0"/><pad name="19" drill="0" y="10.16" x="0"/><pad name="20" drill="0" y="12.7" x="0"/><pad name="21" drill="0" y="15.24" x="0"/><pad name="22" drill="0" y="17.78" x="0"/><pad name="23" drill="0" y="20.32" x="0"/><pad name="24" drill="0" y="22.86" x="0"/><pad name="25" drill="0" y="25.4" x="0"/><pad name="26" drill="0" y="27.94" x="0"/><pad name="27" drill="0" y="30.48" x="0"/><pad name="28" drill="0" y="33.02" x="0"/></package></packages><symbols><symbol name="ATMEGA328P-PU@1"><pin name="(PCINT19/OC2B/INT1) PD3@1" x="0" y="0" rot="MR180" direction="io" length="long" visible="both" swaplevel="0"/><pin name="(PCINT20/XCK/T0) PD4@2" x="0" y="-2.54" rot="MR180" direction="io" length="long" visible="both" swaplevel="0"/><pin name="VCC@3" x="0" y="-5.08" rot="MR180" direction="pwr" length="long" visible="both" swaplevel="0"/><pin name="GND@4" x="0" y="-7.62" rot="MR180" direction="pwr" length="long" visible="both" swaplevel="0"/><pin name="(PCINT6/XTAL1/TOSC1) PB6@5" x="0" y="-10.16" rot="MR180" direction="io" length="long" visible="both" swaplevel="0"/><pin name="(PCINT7/XTAL2/TOSC2) PB7@6" x="0" y="-12.7" rot="MR180" direction="io" length="long" visible="both" swaplevel="0"/><pin name="(PCINT21/OC0B/T1) PD5@7" x="0" y="-15.24" rot="MR180" direction="io" length="long" visible="both" swaplevel="0"/><pin name="(PCINT22/OC0A/AIN0) PD6@8" x="0" y="-17.78" rot="MR180" direction="io" length="long" visible="both" swaplevel="0"/><pin name="(PCINT23/AIN1) PD7@9" x="0" y="-20.32" rot="MR180" direction="io" length="long" visible="both" swaplevel="0"/><pin name="(PCINT0/CLKO/ICP1) PB0@10" x="0" y="-22.86" rot="MR180" direction="io" length="long" visible="both" swaplevel="0"/><pin name="(PCINT1/OC1A) PB1@11" x="0" y="-25.4" rot="MR180" direction="io" length="long" visible="both" swaplevel="0"/><pin name="(PCINT2/SS/OC1B) PB2@12" x="0" y="-27.94" rot="MR180" direction="io" length="long" visible="both" swaplevel="0"/><pin name="(PCINT3/OC2A/MOSI) PB3@13" x="0" y="-30.48" rot="MR180" direction="io" length="long" visible="both" swaplevel="0"/><pin name="(PCINT4/MISO) PB4@14" x="0" y="-33.02" rot="MR180" direction="io" length="long" visible="both" swaplevel="0"/><pin name="PB5 (SCK/PCINT5)@15" x="142.24" y="-33.02" rot="MR0" direction="io" length="long" visible="both" swaplevel="0"/><pin name="AVCC@16" x="142.24" y="-30.48" rot="MR0" direction="pwr" length="long" visible="both" swaplevel="0"/><pin name="AREF@17" x="142.24" y="-27.94" rot="MR0" direction="io" length="long" visible="both" swaplevel="0"/><pin name="GND@18" x="142.24" y="-25.4" rot="MR0" direction="pwr" length="long" visible="both" swaplevel="0"/><pin name="PC0 (ADC0/PCINT8)@19" x="142.24" y="-22.86" rot="MR0" direction="io" length="long" visible="both" swaplevel="0"/><pin name="PC1 (ADC1/PCINT9)@20" x="142.24" y="-20.32" rot="MR0" direction="io" length="long" visible="both" swaplevel="0"/><pin name="PC2 (ADC2/PCINT10)@21" x="142.24" y="-17.78" rot="MR0" direction="io" length="long" visible="both" swaplevel="0"/><pin name="PC3 (ADC3/PCINT11)@22" x="142.24" y="-15.24" rot="MR0" direction="io" length="long" visible="both" swaplevel="0"/><pin name="PC4 (ADC4/SDA/PCINT12)@23" x="142.24" y="-12.7" rot="MR0" direction="io" length="long" visible="both" swaplevel="0"/><pin name="PC5 (ADC5/SCL/PCINT13)@24" x="142.24" y="-10.16" rot="MR0" direction="io" length="long" visible="both" swaplevel="0"/><pin name="PC6 (RESET/PCINT14)@25" x="142.24" y="-7.62" rot="MR0" direction="io" length="long" visible="both" swaplevel="0"/><pin name="PD0 (RXD/PCINT16)@26" x="142.24" y="-5.08" rot="MR0" direction="io" length="long" visible="both" swaplevel="0"/><pin name="PD1 (TXD/PCINT17)@27" x="142.24" y="-2.54" rot="MR0" direction="io" length="long" visible="both" swaplevel="0"/><pin name="PD2 (INT0/PCINT18)@28" x="142.24" y="0" rot="MR0" direction="io" length="long" visible="both" swaplevel="0"/><wire x1="7.62" y1="5.08" x2="7.62" y2="-38.1" width="0.127" layer="94"/><wire x1="7.62" y1="-38.1" x2="134.62" y2="-38.1" width="0.127" layer="94"/><wire x1="134.62" y1="-38.1" x2="134.62" y2="5.08" width="0.127" layer="94"/><wire x1="134.62" y1="5.08" x2="7.62" y2="5.08" width="0.127" layer="94"/><text size="2" x="71.12" y="10.16" layer="95" align="center">&gt;NAME</text><text size="2" x="71.12" y="7.62" layer="96" align="center">&gt;VALUE</text></symbol></symbols><devicesets><deviceset name="ATMEGA328P-PU" prefix="U"><gates><gate name="1" addlevel="always" y="0" x="0" symbol="ATMEGA328P-PU@1"/></gates><devices><device name="ATMEGA328P-PU" package="28P3"><connects><connect pad="1" pin="(PCINT19/OC2B/INT1) PD3@1" gate="1"/><connect pad="2" pin="(PCINT20/XCK/T0) PD4@2" gate="1"/><connect pad="3" pin="VCC@3" gate="1"/><connect pad="4" pin="GND@4" gate="1"/><connect pad="5" pin="(PCINT6/XTAL1/TOSC1) PB6@5" gate="1"/><connect pad="6" pin="(PCINT7/XTAL2/TOSC2) PB7@6" gate="1"/><connect pad="7" pin="(PCINT21/OC0B/T1) PD5@7" gate="1"/><connect pad="8" pin="(PCINT22/OC0A/AIN0) PD6@8" gate="1"/><connect pad="9" pin="(PCINT23/AIN1) PD7@9" gate="1"/><connect pad="10" pin="(PCINT0/CLKO/ICP1) PB0@10" gate="1"/><connect pad="11" pin="(PCINT1/OC1A) PB1@11" gate="1"/><connect pad="12" pin="(PCINT2/SS/OC1B) PB2@12" gate="1"/><connect pad="13" pin="(PCINT3/OC2A/MOSI) PB3@13" gate="1"/><connect pad="14" pin="(PCINT4/MISO) PB4@14" gate="1"/><connect pad="15" pin="PB5 (SCK/PCINT5)@15" gate="1"/><connect pad="16" pin="AVCC@16" gate="1"/><connect pad="17" pin="AREF@17" gate="1"/><connect pad="18" pin="GND@18" gate="1"/><connect pad="19" pin="PC0 (ADC0/PCINT8)@19" gate="1"/><connect pad="20" pin="PC1 (ADC1/PCINT9)@20" gate="1"/><connect pad="21" pin="PC2 (ADC2/PCINT10)@21" gate="1"/><connect pad="22" pin="PC3 (ADC3/PCINT11)@22" gate="1"/><connect pad="23" pin="PC4 (ADC4/SDA/PCINT12)@23" gate="1"/><connect pad="24" pin="PC5 (ADC5/SCL/PCINT13)@24" gate="1"/><connect pad="25" pin="PC6 (RESET/PCINT14)@25" gate="1"/><connect pad="26" pin="PD0 (RXD/PCINT16)@26" gate="1"/><connect pad="27" pin="PD1 (TXD/PCINT17)@27" gate="1"/><connect pad="28" pin="PD2 (INT0/PCINT18)@28" gate="1"/></connects><technologies><technology name=""><attribute name="Vendor" value="Atmel" constant="no"/><attribute name="Manufacturer_Part_Number" value="ATMEGA328P-PU" constant="no"/></technology></technologies></device></devices></deviceset></devicesets></library></libraries><attributes/><variantdefs/><classes><class number="0" name="default" width="0" drill="0"/></classes><parts/><sheets/></schematic></drawing></eagle>
